fresh food for dogs - en Suggestions - Created: 31-10-2025,,,,,,,
Modifier Type,Modifier,Suggestion,Language,Region,Keyword,Search Volume,Cost Per Click
Questions,how,how to make fresh food for dogs,en,us,fresh food for dogs,90,3.97
Questions,how,how to cook fresh food for dogs,en,us,fresh food for dogs,20,5.68
Questions,how,how to make fresh food for dogs at home,en,us,fresh food for dogs,0,0
Questions,what,what fresh food for dogs,en,us,fresh food for dogs,0,0
Questions,what,what fresh food is good for dogs,en,us,fresh food for dogs,20,3.9
Questions,what,what is the cheapest fresh food for dogs,en,us,fresh food for dogs,0,0
Questions,what,what is the healthiest fresh food for dogs,en,us,fresh food for dogs,0,0
Questions,which,which fresh food is best for dogs,en,us,fresh food for dogs,-,-
Questions,why,why fresh food for dogs,en,us,fresh food for dogs,0,0
Questions,why,why fresh food is better for dogs,en,us,fresh food for dogs,-,-
Prepositions,for,fresh food for dogs with allergies,en,us,fresh food for dogs,110,18.38
Prepositions,for,fresh food for dogs with kidney disease,en,us,fresh food for dogs,50,3.7
Prepositions,for,fresh food for dogs with pancreatitis,en,us,fresh food for dogs,70,6.78
Prepositions,for,fresh food for dogs with sensitive stomachs,en,us,fresh food for dogs,20,18.63
Prepositions,for,fresh food for dogs in canada,en,us,fresh food for dogs,-,-
Prepositions,for,best fresh food for dogs with allergies,en,us,fresh food for dogs,320,19.12
Prepositions,for,best fresh food for dogs with sensitive stomachs,en,us,fresh food for dogs,20,13.52
Prepositions,is,is fresh food for dogs good,en,us,fresh food for dogs,-,-
Prepositions,near,fresh food for dogs near me,en,us,fresh food for dogs,70,14.04
Prepositions,to,how to make fresh food for dogs at home,en,us,fresh food for dogs,0,0
Prepositions,with,fresh food for dogs with allergies,en,us,fresh food for dogs,110,18.38
Prepositions,with,fresh food for dogs with kidney disease,en,us,fresh food for dogs,50,3.7
Prepositions,with,fresh food for dogs with sensitive stomachs,en,us,fresh food for dogs,20,18.63
Prepositions,with,fresh food for dogs with bladder stones,en,us,fresh food for dogs,-,-
Prepositions,with,fresh food for dogs with skin allergies,en,us,fresh food for dogs,0,0
Prepositions,with,fresh food for dogs with pancreatitis,en,us,fresh food for dogs,70,6.78
Prepositions,with,fresh food for dogs with liver disease,en,us,fresh food for dogs,-,-
Comparisons,and,fresh food for dogs and cats,en,us,fresh food for dogs,-,-
Comparisons,vs,fresh food for dogs vs kibble,en,us,fresh food for dogs,0,0
Alphabeticals,a,fresh food for dogs and cats,en,us,fresh food for dogs,-,-
